trial,dropout,batch_size,lr,batchnorm,valid_loss
1,0.0,512,0.001,True,0.014830942265689373
2,0.0,1024,0.001,True,0.01948399282991886
