{
  "timestamp": "20250529_1323",
  "input_dim": 80,
  "encoder_dims": [
    64,
    32,
    16
  ],
  "decoder_dims": [
    32,
    64
  ],
  "batchnorm": true,
  "dropout": 0.0,
  "epochs": 50,
  "batch_size": 512,
  "lr": 0.001,
  "final_train_loss": 0.019319502723363163,
  "final_valid_loss": 0.03622319549322128
}