{
  "timestamp": "20250529_1621",
  "input_dim": 80,
  "encoder_dims": [
    64,
    32,
    16
  ],
  "decoder_dims": [
    32,
    64
  ],
  "batchnorm": true,
  "dropout": 0.0,
  "epochs": 50,
  "batch_size": 512,
  "lr": 0.001,
  "final_train_loss": 0.02095805884674261,
  "final_valid_loss": 0.016946081072092056
}